id,Question,Answer
0,What is the projected population living in cities by 2050?,"By 2050, it is projected that two-thirds of the world's population will live in cities."
1, What is the goal for education outlined in the SDGs?,"The goal for education is to provide inclusive and equitable quality education and promote lifelong learning opportunities for all. This is outlined in Goal 4 of the Sustainable Development Goals (SDGs), which is ""Ensure inclusive and equitable quality education and promote lifelong learning opportunities for all."" 

This goal addresses the global challenge of ensuring that everyone has access to quality education, regardless of their background or circumstances. It aims to reduce the number of out-of-school children, especially those from the poorest households, and to provide them with the skills and knowledge they need to succeed in life. 

To achieve this goal, the SDGs emphasize the need to strengthen education systems, improve teacher quality and training, provide access to education for marginalized groups, and promote lifelong learning opportunities for all. 

Is there anything else you would like to know about the Sustainable Development Goals?"
2,What progress has been made in reducing hunger in the past 20 years?,"In the past 20 years, hunger has dropped by almost half. Many countries that used to suffer from famine and hunger can now meet the nutritional needs of their most vulnerable people. However, there is still work to be done as nearly 1 out of every 9 people on earth still go to bed hungry every night."
3," How can cities become more inclusive, safe, resilient, and sustainable?"," <response>
Based on the context provided, some ways that cities can become more inclusive, safe, resilient, and sustainable are:

- Create good, affordable public housing
- Upgrade slum settlements
- Invest in public transport
- Create green spaces
- Get a broader range of people involved in urban planning decisions

The context states that to ""make cities sustainable for all, we can create good, affordable public housing. We can upgrade slum settlements. We can invest in public transport, create green spaces, and get a broader range of people involved in urban planning decisions.""

I don't have enough information to provide additional details beyond what is stated there.
</response>"
4, What are some ways to achieve the goal of ending hunger and malnutrition?,"<response>
Some ways to achieve the goal of ending hunger and malnutrition that are mentioned in the context include:

- Promoting sustainable agriculture 
- Supporting small farmers
- Ensuring everyone has access to sufficient and nutritious food all year round

The context states that ""That means doing things such as promoting sustainable agriculture and supporting small farmers. It’s a tall order. But for the sake of the nearly 1 out of every 9 people on earth who go to bed hungry every night, we’ve got to try. Imagine a world where everyone has access to sufficient and nutritious food all year round. Together, we can make that a reality by 2030.""

So those actions around sustainable agriculture, supporting small farmers, and ensuring access to nutritious food seem to be key ways proposed to end hunger and malnutrition.

</response>"
5, What is the goal for sustainable consumption and production patterns?,"The goal for sustainable consumption and production patterns is to manage our natural resources more efficiently, dispose of toxic waste better, cut per capita food waste in half globally, and promote responsible consumption patterns."
6, What is the current number of people living in extreme poverty?,The current number of people living in extreme poverty is not mentioned in the given context.
8, What are some challenges related to climate change and its impacts?,"Some challenges related to climate change and its impacts include:

1. Rising global temperatures: Climate change is causing an increase in global temperatures, leading to more frequent and intense heatwaves, droughts, and wildfires.

2. Sea-level rise: As temperatures rise, glaciers and ice caps melt, causing sea levels to rise. This leads to coastal erosion, flooding, and the displacement of coastal communities.

3. Extreme weather events: Climate change is causing an increase in the frequency and intensity of extreme weather events such as hurricanes, cyclones, and heavy rainfall, leading to widespread destruction and"